CustomerID,FirstName,LastName,Email,Phone,AddressLine1,AddressLine2,City,State,PostalCode,Country,CreatedAt
1,Julian,James,sheliafoster@hull.info,585-597-5749x710,82723 Anthony Cliffs Suite 868,Apt. 122,New Reneeside,Oklahoma,94599,Australia,2020-11-04 13:28:16
2,Stephen,Flores,dylan44@yahoo.com,(396)032-3647x601,3003 Martinez Garden Suite 338,Apt. 318,East Cheyenneburgh,Louisiana,41736,Angola,2023-02-27 13:29:19
3,Michael,Parker,jsimpson@hotmail.com,131-358-1722,70592 Booker Center,Suite 643,Davidbury,Massachusetts,63279,Germany,2021-06-30 16:52:02
4,Rachel,Brandt,tgilmore@wood-perez.biz,(803)156-0022x8741,334 Miller Bypass Apt. 304,Apt. 492,North Isaiah,Wisconsin,81139,Switzerland,2020-03-08 06:03:12
5,Michael,Gomez,shafferanthony@yahoo.com,001-957-742-2988x335,501 David Village,Suite 528,New Nicholaschester,Connecticut,98659,Kiribati,2023-05-09 14:42:27
6,Heidi,Robinson,rgray@turner-wolfe.com,479.687.9772,4120 Michael Knoll,Suite 802,Port Nancy,New Hampshire,80063,Lesotho,2022-08-01 01:42:27
7,Bryan,Morris,peterlevy@kelly.com,950-418-5561,50062 Owens Ridges Apt. 702,Apt. 522,North Christopherport,Rhode Island,12683,France,2023-10-23 06:15:06
8,Melissa,Weaver,qburgess@carter-hall.com,315.425.8395,0232 Wood Shore,Apt. 466,Bartonchester,Vermont,15965,Heard Island and McDonald Islands,2023-02-26 07:22:59
9,Amy,Wolf,ryangonzalez@valentine-smith.com,039-374-4405x1850,25185 Myers Isle,Apt. 939,East Ginachester,Missouri,60921,Reunion,2022-03-09 11:56:36
10,Jamie,Soto,xbailey@hotmail.com,(819)355-1866x033,3010 Melissa Creek,Suite 791,Port Christopher,Connecticut,49687,Gibraltar,2020-02-23 02:16:55
11,Robyn,Brown,daniel02@padilla.biz,414-748-2644x388,61698 Felicia Oval,Suite 252,South Geraldhaven,Missouri,15036,Marshall Islands,2024-06-30 05:48:22
12,Meredith,Wong,bergbrian@jennings.com,805.869.9394x560,4174 Turner Mission Suite 217,Apt. 189,Christopherport,Florida,98840,Samoa,2020-11-08 04:15:37
13,Russell,Hall,stevenromero@perez.com,(619)309-3597x80612,424 Soto Underpass,Suite 128,Barryville,Minnesota,28953,Montserrat,2022-03-18 18:16:34
14,Mariah,Lopez,randydennis@schroeder.biz,237-600-2348,08219 Collins Rapids Apt. 640,Suite 119,South Walter,Kansas,61377,Saint Barthelemy,2022-05-13 15:46:22
15,John,Finley,russellangelica@hotmail.com,156.561.7473x20060,1987 Stewart Drive,Apt. 481,Jasonhaven,Oregon,05581,Cyprus,2024-06-21 02:03:22
16,Kathryn,Hobbs,victor51@yahoo.com,556.404.6583,9198 Dana Springs,Apt. 232,Lake Williamfurt,Oklahoma,85651,French Polynesia,2021-06-10 03:31:32
17,Aaron,Johnson,dayjeremy@yahoo.com,001-209-384-9239,6119 Wells Points,Suite 761,Milesstad,Connecticut,73796,Spain,2022-07-31 17:06:29
18,Ethan,Henderson,npratt@schultz.com,001-423-820-0790,9039 Allen Mews Apt. 574,Suite 200,Newmanmouth,Oregon,42493,Nauru,2022-04-05 16:27:09
19,Jimmy,Lewis,hbautista@white.com,610-857-3854x051,384 Hernandez Plaza,Apt. 800,West Bradleyshire,New Hampshire,40986,Denmark,2024-06-13 23:59:28
20,Rose,Carter,christopher51@gmail.com,507.322.6804,2582 Haley Haven Apt. 012,Suite 628,Griffinbury,Arkansas,56870,Nepal,2020-10-16 13:52:05
