ProductGroupID,GroupName,Description,CreatedAt
1,Group 1,West degree strong pay season during.,2021-08-07 19:59:54
2,Group 2,Avoid serious bring product describe.,2021-11-04 19:22:39
3,Group 3,Fish nation individual of former dinner little.,2022-06-02 23:41:53
4,Group 4,Couple able forget training perhaps special.,2023-05-18 09:55:24
5,Group 5,Himself hear name table today.,2021-06-07 15:46:16
6,Group 6,Beyond feel edge trade lose decision.,2021-04-05 10:32:05
7,Group 7,Career administration activity nature.,2021-09-21 12:44:17
8,Group 8,Hope adult set discuss theory.,2021-03-21 20:19:23
9,Group 9,Radio window spend amount.,2022-12-04 15:19:58
10,Group 10,Again trip bank allow your significant final.,2023-08-09 06:36:31
11,Group 11,Phone simply note after responsibility.,2023-07-22 04:55:43
12,Group 12,Black as every. Recent tax arm stay candidate.,2022-05-04 23:52:42
13,Group 13,Apply deal civil class field stay his first.,2020-05-11 14:02:40
14,Group 14,Culture church then read other.,2021-10-15 10:34:09
15,Group 15,Heavy way girl mouth also food concern.,2020-03-15 19:27:22
16,Group 16,Tree cell build girl factor once recently.,2021-07-02 16:37:09
17,Group 17,Record popular cost ask spring stock note.,2020-11-26 02:01:39
18,Group 18,Class final base old hope range.,2021-11-08 18:26:03
19,Group 19,Shoulder young a ok side hear.,2020-10-17 17:49:57
20,Group 20,Short material dark since expert.,2023-11-15 21:49:54
21,Group 21,Health final inside building teacher project.,2022-09-15 22:42:49
22,Group 22,New condition record speak.,2023-08-16 04:37:41
23,Group 23,Treatment per page end.,2023-11-08 19:30:56
24,Group 24,Well box moment yourself evidence federal.,2023-11-05 19:09:51
25,Group 25,Plan tough dinner special figure.,2022-02-07 11:19:10
26,Group 26,Bit within apply experience together pass.,2022-07-27 19:46:40
27,Group 27,Be opportunity machine whether.,2020-01-10 20:06:04
28,Group 28,Water red thought certain station wife benefit.,2022-07-26 02:55:19
29,Group 29,Next four interesting yes usually degree.,2021-01-27 00:17:31
30,Group 30,Life wall hold often southern.,2021-08-17 17:31:07
31,Group 31,Prepare ago on agree pick fast act chance.,2021-03-30 14:01:11
32,Group 32,Challenge television study age.,2022-04-09 15:06:53
33,Group 33,Own all management else.,2020-04-11 18:59:43
34,Group 34,Tree southern either system.,2020-11-15 01:40:43
35,Group 35,Firm just officer simple.,2023-10-20 11:45:42
36,Group 36,Police man me never.,2021-12-24 20:02:58
37,Group 37,Entire section else conference investment.,2020-08-24 01:10:49
38,Group 38,To third detail participant option.,2020-11-10 06:22:36
39,Group 39,May picture open become car issue government.,2020-02-12 10:55:53
40,Group 40,Ahead often security win. Less short up enough.,2023-11-30 11:57:54
41,Group 41,Bar threat consider. Section down wide.,2021-01-01 13:18:07
42,Group 42,Make political majority apply budget behavior.,2022-02-07 22:51:45
43,Group 43,Whom imagine a sea.,2020-08-06 17:38:29
44,Group 44,Southern against our.,2024-05-23 11:52:41
45,Group 45,Already consider tend watch recognize.,2020-12-16 01:55:54
46,Group 46,He power society. Fear hotel child of state add.,2023-06-22 02:50:43
47,Group 47,Ago black identify central born would girl.,2022-01-22 05:30:02
48,Group 48,Condition argue available film safe produce.,2024-06-22 20:45:30
49,Group 49,Those anything along gas happy.,2020-02-20 15:37:14
50,Group 50,Teach nature story party.,2020-03-15 16:20:46
